round,well,name,barcode_5prime_to_3prime,phase_block_length
BC01,A1,DNA_#01_RE,CATC,0
BC01,A2,DNA_#02_RE,ATGA,0
BC01,A3,DNA_#03_RE,AGCT,0
BC01,A4,DNA_#04_RE,ACAG,0
BC01,A5,DNA_#05_RE,GAAT,0
BC01,A6,DNA_#06_RE,TACG,0
BC01,A7,DNA_#07_RE,TTAC,0
BC01,A8,DNA_#08_RE,GTTG,0
BC01,A9,DNA_#09_RE,CCGT,0
BC01,A10,DNA_#10_RE,CGAA,0
BC01,A11,DNA_#11_RE,TCTA,0
BC01,A12,DNA_#12_RE,GGGC,0
BC02,A1,R02_#01,AAACCGG,0
BC02,A2,R02_#02,AAACGTC,0
BC02,A3,R02_#03,AAAGATG,0
BC02,A4,R02_#04,AAATCCA,0
BC02,A5,R02_#05,AAATGAG,0
BC02,A6,R02_#06,AACACTG,0
BC02,A7,R02_#07,AACGTTT,0
BC02,A8,R02_#08,AAGAAGC,0
BC02,A9,R02_#09,AAGCCCT,0
BC02,A10,R02_#10,AAGCTAC,0
BC02,A11,R02_#11,AATCTTG,0
BC02,A12,R02_#12,ACAACAC,0
BC02,B1,R02_#13,ACAGTAT,0
BC02,B2,R02_#14,ACCAAGT,0
BC02,B3,R02_#15,ACCCTAA,0
BC02,B4,R02_#16,ACCCTTT,0
BC02,B5,R02_#17,ACCTCTC,0
BC02,B6,R02_#18,ACGATTG,0
BC02,B7,R02_#19,ACGCAGA,0
BC02,B8,R02_#20,ACGTAAA,0
BC02,B9,R02_#21,ACTACCT,0
BC02,B10,R02_#22,ACTCGGT,0
BC02,B11,R02_#23,ACTGTCG,0
BC02,B12,R02_#24,ACTTATG,0
BC02,C1,R02_#25,AGAAAGG,0
BC02,C2,R02_#26,AGAATCT,0
BC02,C3,R02_#27,AGACATA,0
BC02,C4,R02_#28,AGAGACC,0
BC02,C5,R02_#29,AGCCCAA,0
BC02,C6,R02_#30,AGCTATT,0
BC02,C7,R02_#31,AGGAGGT,0
BC02,C8,R02_#32,AGGGCTT,0
BC02,C9,R02_#33,AGGTGTA,0
BC02,C10,R02_#34,AGTGCTC,0
BC02,C11,R02_#35,AGTGGGA,0
BC02,C12,R02_#36,AGTTACG,0
BC02,D1,R02_#37,ATAAGGG,0
BC02,D2,R02_#38,ATCATTC,0
BC02,D3,R02_#39,ATGGAAC,0
BC02,D4,R02_#40,ATGTGCC,0
BC02,D5,R02_#41,ATTCACC,0
BC02,D6,R02_#42,ATTCGAG,0
BC02,D7,R02_#43,CAAGCCT,0
BC02,D8,R02_#44,CACAAGG,0
BC02,D9,R02_#45,CACCTTA,0
BC02,D10,R02_#46,CAGAGTG,0
BC02,D11,R02_#47,CAGCGAA,0
BC02,D12,R02_#48,CAGGTCA,0
BC02,E1,R02_#49,CATAACT,0
BC02,E2,R02_#50,CATATCG,0
BC02,E3,R02_#51,CATCGAT,0
BC02,E4,R02_#52,CATTACA,0
BC02,E5,R02_#53,CATTTCC,0
BC02,E6,R02_#54,CCAAATG,0
BC02,E7,R02_#55,CCACTTG,0
BC02,E8,R02_#56,CCGGATA,0
BC02,E9,R02_#57,CCGGTTT,0
BC02,E10,R02_#58,CCTAAGA,0
BC02,E11,R02_#59,CCTAGTC,0
BC02,E12,R02_#60,CCTGCAA,0
BC02,F1,R02_#61,CGACGTT,0
BC02,F2,R02_#62,CGAGTAA,0
BC02,F3,R02_#63,CGATTAT,0
BC02,F4,R02_#64,CGTAGCA,0
BC02,F5,R02_#65,CGTCTGA,0
BC02,F6,R02_#66,CTACAGC,0
BC02,F7,R02_#67,CTCAATA,0
BC02,F8,R02_#68,CTCGTTG,0
BC02,F9,R02_#69,CTCTACG,0
BC02,F10,R02_#70,CTTGGGT,0
BC02,F11,R02_#71,GAAACTC,0
BC02,F12,R02_#72,GACTGTC,0
BC02,G1,R02_#73,GATACAG,0
BC02,G2,R02_#74,GCGATCA,0
BC02,G3,R02_#75,GCGTACT,0
BC02,G4,R02_#76,GCTCGAA,0
BC02,G5,R02_#77,GGAAGAA,0
BC02,G6,R02_#78,GGAGATT,0
BC02,G7,R02_#79,GGGCTAA,0
BC02,G8,R02_#80,GGGTATG,0
BC02,G9,R02_#81,GGTAACC,0
BC02,G10,R02_#82,GGTAGTG,0
BC02,G11,R02_#83,GGTGAAA,0
BC02,G12,R02_#84,GTAATCG,0
BC02,H1,R02_#85,GTATAAG,0
BC02,H2,R02_#86,GTCAGAC,0
BC02,H3,R02_#87,GTCCCTT,0
BC02,H4,R02_#88,GTGCCAT,0
BC02,H5,R02_#89,GTGGTCT,0
BC02,H6,R02_#90,GTTCTCC,0
BC02,H7,R02_#91,GTTGCTT,0
BC02,H8,R02_#92,TACCCGA,0
BC02,H9,R02_#93,TAGACGA,0
BC02,H10,R02_#94,TAGTCAC,0
BC02,H11,R02_#95,TCACATC,0
BC02,H12,R02_#96,TCAGCTG,0
BC03,A1,R04_#01,AAACCGG,0
BC03,A2,R04_#02,AAACGTC,0
BC03,A3,R04_#03,AAAGATG,0
BC03,A4,R04_#04,AAATCCA,1
BC03,A5,R04_#05,AAATGAG,1
BC03,A6,R04_#06,AACACTG,1
BC03,A7,R04_#07,AACGTTT,2
BC03,A8,R04_#08,AAGAAGC,2
BC03,A9,R04_#09,AAGCCCT,2
BC03,A10,R04_#10,AAGCTAC,3
BC03,A11,R04_#11,AATCTTG,3
BC03,A12,R04_#12,ACAACAC,3
BC03,B1,R04_#13,ACAGTAT,0
BC03,B2,R04_#14,ACCAAGT,0
BC03,B3,R04_#15,ACCCTAA,0
BC03,B4,R04_#16,ACCCTTT,1
BC03,B5,R04_#17,ACCTCTC,1
BC03,B6,R04_#18,ACGATTG,1
BC03,B7,R04_#19,ACGCAGA,2
BC03,B8,R04_#20,ACGTAAA,2
BC03,B9,R04_#21,ACTACCT,2
BC03,B10,R04_#22,ACTCGGT,3
BC03,B11,R04_#23,ACTGTCG,3
BC03,B12,R04_#24,ACTTATG,3
BC03,C1,R04_#25,AGAAAGG,0
BC03,C2,R04_#26,AGAATCT,0
BC03,C3,R04_#27,AGACATA,0
BC03,C4,R04_#28,AGAGACC,1
BC03,C5,R04_#29,AGCCCAA,1
BC03,C6,R04_#30,AGCTATT,1
BC03,C7,R04_#31,AGGAGGT,2
BC03,C8,R04_#32,AGGGCTT,2
BC03,C9,R04_#33,AGGTGTA,2
BC03,C10,R04_#34,AGTGCTC,3
BC03,C11,R04_#35,AGTGGGA,3
BC03,C12,R04_#36,AGTTACG,3
BC03,D1,R04_#37,ATAAGGG,0
BC03,D2,R04_#38,ATCATTC,0
BC03,D3,R04_#39,ATGGAAC,0
BC03,D4,R04_#40,ATGTGCC,1
BC03,D5,R04_#41,ATTCACC,1
BC03,D6,R04_#42,ATTCGAG,1
BC03,D7,R04_#43,CAAGCCT,2
BC03,D8,R04_#44,CACAAGG,2
BC03,D9,R04_#45,CACCTTA,2
BC03,D10,R04_#46,CAGAGTG,3
BC03,D11,R04_#47,CAGCGAA,3
BC03,D12,R04_#48,CAGGTCA,3
BC03,E1,R04_#49,CATAACT,0
BC03,E2,R04_#50,CATATCG,0
BC03,E3,R04_#51,CATCGAT,0
BC03,E4,R04_#52,CATTACA,1
BC03,E5,R04_#53,CATTTCC,1
BC03,E6,R04_#54,CCAAATG,1
BC03,E7,R04_#55,CCACTTG,2
BC03,E8,R04_#56,CCGGATA,2
BC03,E9,R04_#57,CCGGTTT,2
BC03,E10,R04_#58,CCTAAGA,3
BC03,E11,R04_#59,CCTAGTC,3
BC03,E12,R04_#60,CCTGCAA,3
BC03,F1,R04_#61,CGACGTT,0
BC03,F2,R04_#62,CGAGTAA,0
BC03,F3,R04_#63,CGATTAT,0
BC03,F4,R04_#64,CGTAGCA,1
BC03,F5,R04_#65,CGTCTGA,1
BC03,F6,R04_#66,CTACAGC,1
BC03,F7,R04_#67,CTCAATA,2
BC03,F8,R04_#68,CTCGTTG,2
BC03,F9,R04_#69,CTCTACG,2
BC03,F10,R04_#70,CTTGGGT,3
BC03,F11,R04_#71,GAAACTC,3
BC03,F12,R04_#72,GACTGTC,3
BC03,G1,R04_#73,GATACAG,0
BC03,G2,R04_#74,GCGATCA,0
BC03,G3,R04_#75,GCGTACT,0
BC03,G4,R04_#76,GCTCGAA,1
BC03,G5,R04_#77,GGAAGAA,1
BC03,G6,R04_#78,GGAGATT,1
BC03,G7,R04_#79,GGGCTAA,2
BC03,G8,R04_#80,GGGTATG,2
BC03,G9,R04_#81,GGTAACC,2
BC03,G10,R04_#82,GGTAGTG,3
BC03,G11,R04_#83,GGTGAAA,3
BC03,G12,R04_#84,GTAATCG,3
BC03,H1,R04_#85,GTATAAG,0
BC03,H2,R04_#86,GTCAGAC,0
BC03,H3,R04_#87,GTCCCTT,0
BC03,H4,R04_#88,GTGCCAT,1
BC03,H5,R04_#89,GTGGTCT,1
BC03,H6,R04_#90,GTTCTCC,1
BC03,H7,R04_#91,GTTGCTT,2
BC03,H8,R04_#92,TACCCGA,2
BC03,H9,R04_#93,TAGACGA,2
BC03,H10,R04_#94,TAGTCAC,3
BC03,H11,R04_#95,TCACATC,3
BC03,H12,R04_#96,TCAGCTG,3
